m,s,r,g,level,thin,delta,se,n,slope,callup_first,demotion_first,same_day
woba,2023,bat,IL,"s,r,g",False,-0.08337239612451358,0.005428173859248687,137,0.1899948466009659,-0.08442977195786594,-0.08070738487513868,
woba,2023,bat,PCL,"s,r,g",False,-0.11122716987178462,0.007117028398121065,63,0.2300718390962099,-0.11054633057078549,-0.11274875428845622,
woba,2024,bat,IL,"s,r,g",False,-0.07480333857367313,0.0050091014662217185,115,0.24882553109425667,-0.07541323636271793,-0.07390262476312663,
woba,2024,bat,PCL,"s,r,g",False,-0.10284370297382894,0.006221634041430373,68,0.36606246797282954,-0.10147929105325824,-0.10516843641638966,
woba,2025,bat,IL,"s,r,g",False,-0.07540559161599641,0.005826302570811823,128,0.15197731875545373,-0.06727045671090469,-0.09070512292495145,
woba,2025,bat,PCL,"s,r,g",False,-0.10102760195848377,0.006511122827104525,69,0.03544792169309337,-0.09986231881380041,-0.10426552321625786,
xwoba,2023,bat,IL,"s,r,g",False,-0.04519583655451269,0.004005750690975918,137,0.33618760558344346,-0.04586867101466234,-0.04350002381820213,
xwoba,2023,bat,PCL,"s,r,g",False,-0.0560280527808911,0.005216618120343315,63,0.24575628033972524,-0.05793228807465453,-0.05177234259433946,
xwoba,2024,bat,IL,"s,r,g",False,-0.03490989109494738,0.0037202472916287315,115,0.2674197265796855,-0.036700270255841445,-0.032265809963160336,
xwoba,2024,bat,PCL,"s,r,g",False,-0.04637568913003568,0.005362279817177917,68,0.5064393879311122,-0.05161044160747823,-0.03745653211860457,
xwoba,2025,bat,IL,"s,r,g",False,-0.03382321177624828,0.004305441866855684,128,0.35564093513441436,-0.027827839325728125,-0.04509854888936345,
xwoba,2025,bat,PCL,"s,r,g",False,-0.051812391120507985,0.004563904666469276,69,0.39479848744692136,-0.04922070655657089,-0.059013791553788296,
xwoba,2023,SP,IL,"s,r,g",False,0.031723580529215624,0.005490938483942259,62,0.1498208684559749,0.03152075654882346,0.03216081907933894,
xwoba,2023,SP,PCL,"s,r,g",False,0.030462347847092803,0.008177522787071246,20,0.25664141982483607,0.03329066410391139,0.02075028703997136,
xwoba,2024,SP,IL,"s,r,g",False,0.03826949196812667,0.004426153277140445,56,0.32241802828875393,0.037956061803108516,0.03941604143773102,
xwoba,2024,SP,PCL,"s,r,g",False,0.04858679534875339,0.00643106232382866,29,0.6731704668424021,0.04512493732684147,0.055529571617663434,
xwoba,2025,SP,IL,"s,r,g",False,0.04015452289017884,0.005921769045481396,62,0.07013609402228935,0.04135929051232711,0.03647957001769435,
xwoba,2025,SP,PCL,"s,r,g",False,0.04664582308765899,0.007665913108197562,29,0.26012410446734346,0.04265664260197748,0.05469201937459965,
xwoba,2023,RP,IL,"s,r,g",False,0.03502575796849416,0.00460168372827804,101,0.2594633108746505,0.030106525694203443,0.046496522009439274,
xwoba,2023,RP,PCL,"s,r,g",False,0.0442229079603946,0.006400938436190402,49,0.0775218331328152,0.04560586907296473,0.0414813257793572,
xwoba,2024,RP,IL,"s,r,g",False,0.04127172098363799,0.00645062430326276,83,0.12369265454453697,0.03822201143966191,0.05193637492480176,
xwoba,2024,RP,PCL,"s,r,g",False,0.04894878996728318,0.008255712673880766,44,0.04626537591511,0.04617111619492544,0.05304869130813334,
xwoba,2025,RP,IL,"s,r,g",False,0.0479095742689864,0.004910674562983447,106,0.2812730465000603,0.042839205266475514,0.06035568972459519,
xwoba,2025,RP,PCL,"s,r,g",False,0.05238702120311645,0.008393869779613065,39,0.023458839613019623,0.04597116442633615,0.07522468436972668,
k,2023,bat,IL,"s,r,g",False,0.05266513314957973,0.004299317171303037,137,0.6627033026550351,0.056744594372830776,0.042383254456660975,
k,2023,bat,PCL,"s,r,g",False,0.060489382042003194,0.007242672272098525,63,0.9199023742785526,0.05826530330023084,0.06545989938723482,
k,2024,bat,IL,"s,r,g",False,0.04057935507136167,0.005358548061837688,115,0.6504688911983881,0.04126814343265523,0.03956213349636226,
k,2024,bat,PCL,"s,r,g",False,0.05763549867745283,0.006868452152628581,68,0.7828907632005185,0.06439644714823939,0.04611595477982026,
k,2025,bat,IL,"s,r,g",False,0.03189619832753423,0.005326519733341118,128,0.6271580888096236,0.029200050677443242,0.036966771325692475,
k,2025,bat,PCL,"s,r,g",False,0.07398369884378586,0.006589160655593587,69,1.0966370383993236,0.07532762142367311,0.07024940000828511,
bb,2023,bat,IL,"s,r,g",False,-0.04371516009824071,0.0031766823810163375,137,0.430599318130478,-0.04404887298806109,-0.04287406975232927,
bb,2023,bat,PCL,"s,r,g",False,-0.04105033510500407,0.004807323282959783,63,0.4217758172374871,-0.04361110945269557,-0.03532734829102022,
bb,2024,bat,IL,"s,r,g",False,-0.039555019316460535,0.003653541762561497,115,0.37118374552503064,-0.03986955472319974,-0.03909050478657582,
bb,2024,bat,PCL,"s,r,g",False,-0.04398643040999532,0.004036029482218892,68,0.37380192203438767,-0.05050192872869778,-0.03288509319058705,
bb,2025,bat,IL,"s,r,g",False,-0.03941386197111712,0.0029937961669469254,128,0.5253979117945341,-0.04057844593716832,-0.03722365995745966,
bb,2025,bat,PCL,"s,r,g",False,-0.0394290085248276,0.004470154649526465,69,0.41235028403023,-0.04085507263766257,-0.03546646660789983,
hr,2023,bat,IL,"s,r,g",False,-0.01403643820244836,0.002060686806341957,137,0.3000669833722051,-0.015069523252570044,-0.011432649470672141,
hr,2023,bat,PCL,"s,r,g",False,-0.015451205571884312,0.002587404445055927,63,0.27458954801526353,-0.015392778146508083,-0.015581783022140555,
hr,2024,bat,IL,"s,r,g",False,-0.014136576114387135,0.0016789161393452139,115,0.38149056685220595,-0.014520965514561167,-0.013568899287903332,
hr,2024,bat,PCL,"s,r,g",False,-0.014732773740115218,0.002350337501278379,68,0.47311805896298437,-0.01245670153207149,-0.01861082632815556,
hr,2025,bat,IL,"s,r,g",False,-0.010891244443107661,0.0018014566563729448,128,0.33169928647539937,-0.009373789673414765,-0.013745081168582085,
hr,2025,bat,PCL,"s,r,g",False,-0.011966520433292615,0.0024916247772624484,69,0.3350110893637345,-0.011943182292962491,-0.012031369102078896,
hr,2023,SP,IL,"s,r,g",False,0.005894379172006902,0.0026377902260929687,62,0.09697469678148607,0.007836190882969534,0.0017083113536348815,
hr,2023,SP,PCL,"s,r,g",False,0.010826993166123082,0.002603853753823293,20,0.3164982922302419,0.011123030949722073,0.009810438900458004,
hr,2024,SP,IL,"s,r,g",False,0.009017324652615408,0.0021297575263517403,56,0.34808959639089276,0.008713020161758409,0.01013049176775287,
hr,2024,SP,PCL,"s,r,g",False,0.006535261531936444,0.0036528052459388733,29,0.012056421832595567,0.0035961567815756754,0.012429653093776352,
hr,2025,SP,IL,"s,r,g",False,0.007747530306395972,0.002473873210478917,62,0.07799997661748105,0.007823371716807227,0.0075161880924118915,
hr,2025,SP,PCL,"s,r,g",False,0.013567517455774388,0.003284230083786375,29,0.18528453561612016,0.013985220707802516,0.012725007981065182,
hr,2023,RP,IL,"s,r,g",False,0.004945377907521285,0.002182427236002687,101,-0.01124243935385647,0.00316355373962567,0.0091002710804262,
hr,2023,RP,PCL,"s,r,g",False,0.009561796812328481,0.0027107134606576743,49,0.2546540654261977,0.008876617902867217,0.010920095517857985,
hr,2024,RP,IL,"s,r,g",False,0.004719210330396491,0.0026878962281354484,83,0.13393524318952066,0.0036058163598650054,0.008612683208608968,
hr,2024,RP,PCL,"s,r,g",False,0.00979067381046311,0.0036438294458701692,44,-0.055212647332285245,0.008795298612542206,0.011259867259030294,
hr,2025,RP,IL,"s,r,g",False,0.010484542013882924,0.0019918193212724537,106,0.3297074436155897,0.008705237762873413,0.014852158281604924,
hr,2025,RP,PCL,"s,r,g",False,0.011073650444984515,0.003949136991626993,39,0.16889569635703655,0.011318904935840025,0.010200650992670158,
brl,2023,bat,IL,"s,r,g",False,-0.008517051777505743,0.002473693862321295,137,0.41166993481042613,-0.008556431267234535,-0.0084177996669396,
brl,2023,bat,PCL,"s,r,g",False,-0.009920055883473498,0.003271923822575993,63,0.5827143300529852,-0.009525603849518782,-0.010801603213525036,
brl,2024,bat,IL,"s,r,g",False,-0.00401365943400538,0.0020320586045733872,115,0.5329922218096586,-0.0034794958187504086,-0.00480252693605871,
brl,2024,bat,PCL,"s,r,g",False,-0.005027638736563819,0.003372427853819836,68,0.6405453498600256,-0.0033753439806925222,-0.007842877168616702,
brl,2025,bat,IL,"s,r,g",False,-0.006708413310583707,0.002476010075547585,128,0.438203762533561,-0.00523034896378254,-0.00948816951799225,
brl,2025,bat,PCL,"s,r,g",False,-0.006105591266799533,0.0028816285132521272,69,0.5213408427139432,-0.006028129392935713,-0.006320831184406702,
brl,2023,SP,IL,"s,r,g",False,0.01914805663125182,0.0034574198759236793,62,-0.14652246679798384,0.017469133102399993,0.022767402273240003,
brl,2023,SP,PCL,"s,r,g",False,0.024391627022390394,0.004440113655217916,20,0.14900221576413158,0.026191625446620386,0.018210672503354914,
brl,2024,SP,IL,"s,r,g",False,0.02453165692740295,0.003154083520760429,56,0.199564531167762,0.02227043079199345,0.032803380314522276,
brl,2024,SP,PCL,"s,r,g",False,0.02429013886560748,0.003996198314722857,29,0.6613966589793137,0.02459621991305947,0.02367629155611005,
brl,2025,SP,IL,"s,r,g",False,0.019027176677882146,0.0036274681700124334,62,0.05216981606533299,0.01730971561370962,0.024266019717095477,
brl,2025,SP,PCL,"s,r,g",False,0.032464701734310195,0.004448928512564784,29,0.2666365617240197,0.029131379631919568,0.03918802849771449,
brl,2023,RP,IL,"s,r,g",False,0.011125368743309128,0.0025032756006972516,101,0.2129132280720327,0.008481325686124025,0.01729080113843679,
brl,2023,RP,PCL,"s,r,g",False,0.0275747407370258,0.0033093458075505295,49,0.2552145169923852,0.0253888689676172,0.03190801304567821,
brl,2024,RP,IL,"s,r,g",False,0.019721030001856963,0.0033824358210419623,83,0.21866680567832653,0.01845418466295508,0.024151113241440023,
brl,2024,RP,PCL,"s,r,g",False,0.023605070351700785,0.004398987891517212,44,0.190498572514848,0.023121070529001083,0.02431946364792054,
brl,2025,RP,IL,"s,r,g",False,0.02080124417597313,0.002847083902814339,106,0.20196688759598702,0.01735995932135317,0.02924848511544476,
brl,2025,RP,PCL,"s,r,g",False,0.025315465184814468,0.0042057696367605955,39,0.44201363091815987,0.02414524649080559,0.029480935408801746,
kbb,2023,SP,IL,"s,r,g",False,-0.01945880401497239,0.008801965219839386,62,0.35004043360810083,-0.018046423243941005,-0.022503549115397703,
kbb,2023,SP,PCL,"s,r,g",False,-0.02690936572739029,0.013499270706759586,20,0.24169011578417648,-0.03219748538017213,-0.008750668127949529,
kbb,2024,SP,IL,"s,r,g",False,-0.041676943189155484,0.0084782173533742,56,0.41877529507240113,-0.044666676606244515,-0.030740289203016684,
kbb,2024,SP,PCL,"s,r,g",False,-0.048776483943285924,0.00941506679752653,29,0.5255388159430321,-0.05293498453078401,-0.04043658698321799,
kbb,2025,SP,IL,"s,r,g",False,-0.030977523640011863,0.009459719206298345,62,0.15632724974508094,-0.03487389465076231,-0.019092260810081408,
kbb,2025,SP,PCL,"s,r,g",False,-0.034352632150874945,0.011257082090154424,29,0.43956642575312654,-0.03607145753350206,-0.03088575306098819,
kbb,2023,RP,IL,"s,r,g",False,-0.04507692618407278,0.007551948054330768,101,0.3453391799747304,-0.0410586570440767,-0.05444680639867445,
kbb,2023,RP,PCL,"s,r,g",False,-0.04110085798012675,0.009309311715130478,49,0.3354014449566869,-0.05089540957659656,-0.021684138389053424,
kbb,2024,RP,IL,"s,r,g",False,-0.04754900581502394,0.009887657719441263,83,0.21756609328498638,-0.04663663096867344,-0.05073952670255236,
kbb,2024,RP,PCL,"s,r,g",False,-0.05159582366142373,0.012573074804256922,44,0.2067695977155359,-0.04318577848233286,-0.06400921642536135,
kbb,2025,RP,IL,"s,r,g",False,-0.04342092167690055,0.007301018745616199,106,0.26058039422605456,-0.04590397220684613,-0.03732583598145919,
kbb,2025,RP,PCL,"s,r,g",False,-0.053765358623842234,0.012868766621930303,39,0.19264590320677413,-0.04059228049828627,-0.10065579454935575,
fipn,2023,SP,IL,"s,r,g",False,0.09679658997938155,0.042465518688377966,62,0.1440537878720681,0.11727479141432053,0.05265063106844193,
fipn,2023,SP,PCL,"s,r,g",False,0.16964048602062515,0.05247373637102401,20,0.06459443025919286,0.1847956565208551,0.11759965180143866,
fipn,2024,SP,IL,"s,r,g",False,0.18901979253866685,0.02932864205268064,56,0.5827594925955882,0.19155167863708142,0.17975797607289107,
fipn,2024,SP,PCL,"s,r,g",False,0.18316365044546215,0.04784344937916885,29,0.3200355130629241,0.15053168616552237,0.24860724338794868,
fipn,2025,SP,IL,"s,r,g",False,0.15456938984272034,0.04625082711861134,62,0.08349417434363245,0.16488568279415688,0.12310117164171092,
fipn,2025,SP,PCL,"s,r,g",False,0.23386119487914594,0.05386099174530398,29,0.299082473065277,0.2399091761150188,0.2216623875456008,
fipn,2023,RP,IL,"s,r,g",False,0.14209550165639911,0.03422358865324348,101,0.14085975046094468,0.10259232094028538,0.23420980722183218,
fipn,2023,RP,PCL,"s,r,g",False,0.203675327573333,0.037921101178882984,49,0.3067258156058912,0.21478365563273688,0.18165417745423668,
fipn,2024,RP,IL,"s,r,g",False,0.15217772542092997,0.04290476512358705,83,0.23060948237121687,0.12804369942914953,0.23657298723128226,
fipn,2024,RP,PCL,"s,r,g",False,0.22679293579250714,0.05654534192155306,44,0.08790561757802619,0.19240724429515213,0.2775468954831731,
fipn,2025,RP,IL,"s,r,g",False,0.230211685179873,0.029053745852696194,106,0.4381164177469853,0.21274319934714397,0.27309116621984186,
fipn,2025,RP,PCL,"s,r,g",False,0.2429474760228813,0.06921166083582042,39,0.11424904217099441,0.21548141639015767,0.34071471744203186,
whiff,2023,bat,IL,"s,r,g",False,0.02433721637661673,0.0037647166572527904,137,0.7587414476272191,0.02420495054809741,0.024661964446651852,
whiff,2023,bat,PCL,"s,r,g",False,0.040003401501987626,0.006706803577278695,63,0.9041637105554327,0.035786460038850686,0.049758319068383565,
whiff,2024,bat,IL,"s,r,g",False,0.014700795998923958,0.004092033797347574,115,0.8528716764437521,0.012908863667185331,0.01740036321408064,
whiff,2024,bat,PCL,"s,r,g",False,0.033454714191774586,0.00512925122044199,68,0.922334121418988,0.03516706285369819,0.03060149105518668,
whiff,2025,bat,IL,"s,r,g",False,0.009279109802671982,0.004027531555892809,128,0.7980583503297255,0.008510078815293072,0.010730452695111341,
whiff,2025,bat,PCL,"s,r,g",False,0.04221015719704218,0.003869337427721694,69,0.9937853066053596,0.04307575367625718,0.039769359009398986,
chase,2023,bat,IL,"s,r,g",False,-5.644157516874873e-05,0.003664852160296024,137,0.8659592651900638,-0.0009660556466801403,0.0022124278362493483,
chase,2023,bat,PCL,"s,r,g",False,0.011176481368218055,0.006271662025920382,63,0.8861924614296637,0.007863332639165048,0.01883795433670768,
chase,2024,bat,IL,"s,r,g",False,0.011993058273214773,0.0038857198763569403,115,0.8076042752415428,0.014040148862863618,0.008982900806824935,
chase,2024,bat,PCL,"s,r,g",False,0.020544523248766048,0.004405995076121339,68,0.9809597479425136,0.01570213389636158,0.028788880842689542,
chase,2025,bat,IL,"s,r,g",False,0.010293775859345981,0.003898167915345567,128,0.8706205802289175,0.005162632031155853,0.019726587168577024,
chase,2025,bat,PCL,"s,r,g",False,0.022506749289690174,0.004546956357555215,69,0.9299734946278974,0.019785308691649912,0.030160684594538738,
csw,2023,SP,IL,"s,r,g",False,-0.009810726929097291,0.0037713735772075554,62,0.3326234372883749,-0.012790846544785836,-0.003252213727065626,
csw,2023,SP,PCL,"s,r,g",False,-0.006523359931665324,0.005468152052732652,20,0.37867233403591777,-0.00740549607650689,-0.003640326764474899,
csw,2024,SP,IL,"s,r,g",False,-0.01795506910702342,0.0032045118788364153,56,0.32584659632826457,-0.017652394395584574,-0.019041920459147915,
csw,2024,SP,PCL,"s,r,g",False,-0.01263566340684443,0.004569152702259148,29,0.43762485536953083,-0.01793267383999522,-0.0022090136642758016,
csw,2025,SP,IL,"s,r,g",False,-0.01343689953876843,0.0040478335003386705,62,0.22813672162944415,-0.014261743163207436,-0.010928410959279202,
csw,2025,SP,PCL,"s,r,g",False,-0.01694760291914459,0.004888460400625192,29,0.4792320661149508,-0.017833619007978595,-0.015175492216590017,
csw,2023,RP,IL,"s,r,g",False,-0.020515605449058526,0.002732843344613695,101,0.5487684527457217,-0.021651357029756912,-0.017872093256564643,
csw,2023,RP,PCL,"s,r,g",False,-0.012441718907108169,0.003827128056591904,49,0.3166453420899443,-0.012714764753381947,-0.011921749302212695,
csw,2024,RP,IL,"s,r,g",False,-0.02716396971711029,0.0035047253942018545,83,0.34740200968204255,-0.029468155906403542,-0.019038814823881565,
csw,2024,RP,PCL,"s,r,g",False,-0.021745034438532148,0.004651288270579366,44,0.6636001818621557,-0.018150332622765126,-0.026947044824984005,
csw,2025,RP,IL,"s,r,g",False,-0.02051945657817476,0.0031590776361297315,106,0.33100815728836464,-0.022809705724753774,-0.014914935621347776,
csw,2025,RP,PCL,"s,r,g",False,-0.02215647477633728,0.004784647877368599,39,0.14301026221378796,-0.01833131262562948,-0.035546686204383386,
