team,key_npb,name,npb_en,key_mlbam,pos,n,P1_C,P1_A,P1_B,P1_AB,P2_C,P2_A,P2_B,P2_AB,P3_C,P3_A,P3_B,P3_AB,S1_A,S1_B
b,03505152,ジェリー,"Hjelle,Sean（ORIX Buffaloes）",663546,投手,654.0,0.1259036161932125,0.14510580548517407,0.155191320860296,0.15437292507166356,-0.2658217484755371,-0.428122586615914,-0.3369884052602497,-0.41446534218921294,0.017493112631487128,0.01660177546124325,0.01764527328420571,0.016966855978456537,0.5512809043072153,0.4936569232553691
e,53555152,コントレラス,"Contreras,Roansy（Tohoku Rakuten Golden Eagles）",672710,投手,1060.0,0.1259036161932125,0.12605549086152923,0.14003679015405268,0.13478993745939874,-0.2658217484755371,-0.2777330131533283,-0.27253264326941345,-0.27572228799682874,0.017493112631487128,0.017496545494830616,0.017223027682310193,0.01590190127626309,0.6662035851170255,0.5859448302194097
e,73375152,ウレーニャ,"Urena,Jose（Tohoku Rakuten Golden Eagles）",570632,投手,4308.0,0.1259036161932125,0.11626749009878275,0.10957149014176491,0.11059845833391377,-0.2658217484755371,-0.27075699621242294,-0.26552734640105224,-0.27200782621689734,0.017493112631487128,0.01706155163971256,0.017411790775123875,0.016322012560517456,0.7191737915947894,0.7495601827494849
l,23925152,ワイナンス,"Winans,Allan（Saitama Seibu Lions）",642216,投手,227.0,0.1259036161932125,0.13532973316396044,0.1484960048040016,0.1449973460680039,-0.2658217484755371,-0.24535806178691655,-0.2607555422677489,-0.24443231566246623,0.017493112631487128,0.018378171004492294,0.017160537687900046,0.01694274268033886,0.6117909365718394,0.5347544003479051
s,63365152,キハダ,"Quijada,Jose（Tokyo Yakult Swallows）",650671,投手,566.0,0.1259036161932125,0.1481439340185533,0.14135965887608695,0.14737261087710543,-0.2658217484755371,-0.3277056612040469,-0.29579111274338443,-0.3205775403792944,0.017493112631487128,0.01725150801173026,0.017491281825794843,0.01709581159389261,0.5320722711270739,0.5780324079485282
m,03305152,カスティーヨ,"Castillo,Jose（Chiba Lotte Marines）",620454,投手,312.0,0.1259036161932125,0.15184063153484745,0.15774026074510086,0.1595461977975621,-0.2658217484755371,-0.4516825311049275,-0.3966221379637491,-0.4026294012299283,0.017493112631487128,0.016055094772109865,0.017759474613450357,0.016767511619197182,0.5085765569843953,0.47800327772910167
m,93095152,ルケーシー,"Lucchesi,Joey（Chiba Lotte Marines）",664192,投手,1810.0,0.1259036161932125,0.14142983391091424,0.1399409683317072,0.14291455708581363,-0.2658217484755371,-0.3732696986439464,-0.31869652838474294,-0.3603243268974061,0.017493112631487128,0.017147028038079153,0.017457354318113696,0.016728108017190105,0.5743142686481044,0.586516297920935
m,03905152,ロング,"Long,Sam（Chiba Lotte Marines）",669674,投手,912.0,0.1259036161932125,0.1269004364875454,0.12864901952904537,0.1281447442381082,-0.2658217484755371,-0.3037565613141289,-0.30144952397945973,-0.2876920018806184,0.017493112631487128,0.01717905829421617,0.017480332699626996,0.01691518934663352,0.6614008317387612,0.6518575337961633
t,73975152,ルーカス,"Lucas,Easton（Hanshin Tigers）",687922,投手,203.0,0.1259036161932125,0.11790165735083631,0.10341580019526944,0.10763316978685879,-0.2658217484755371,-0.2448828447562071,-0.22600106293423763,-0.26740947860292774,0.017493112631487128,0.017349715714424747,0.0174733944938377,0.017147160125905583,0.7106914000960953,0.776886931889144
t,03705152,モレッタ,"Moreta,Dauri（Hanshin Tigers）",664294,投手,478.0,0.1259036161932125,0.15776899413297496,0.16122107034211539,0.16487074895857015,-0.2658217484755371,-0.3937774752178452,-0.38131807073390805,-0.34276116174256216,0.017493112631487128,0.01746600349627638,0.01737543515653474,0.01675405609630184,0.47086120744654475,0.45670236991596946
db,83385152,コックス,"Cox,Austin（YOKOHAMA DeNA BAYSTARS）",680735,投手,251.0,0.1259036161932125,0.1325026616302391,0.12870355394688024,0.13116098862730816,-0.2658217484755371,-0.23291226473809343,-0.24571673408880995,-0.23952732415391564,0.017493112631487128,0.0183536514544793,0.01714833719488742,0.01683139298701046,0.6287487950123747,0.6515531866749638
db,13015152,ビド,"Bido,Osvaldo（YOKOHAMA DeNA BAYSTARS）",674370,投手,854.0,0.1259036161932125,0.1300257459061167,0.12959285622142233,0.13039650373593772,-0.2658217484755371,-0.30430731383620807,-0.318291544026358,-0.27694599658598834,0.017493112631487128,0.016915792531559178,0.01751366686441334,0.01669112868716302,0.643351511033352,0.646572830704855
db,53955152,ルイーズ,"Ruiz,Jose（YOKOHAMA DeNA BAYSTARS）",614179,投手,1267.0,0.1259036161932125,0.13237834635639467,0.13111028605838368,0.13259429128772,-0.2658217484755371,-0.2935612387441173,-0.29533393683212816,-0.2794694869380067,0.017493112631487128,0.017545676382753096,0.017481208938421186,0.017506822204662927,0.6294875929438981,0.638001322723579
db,93995152,レイノルズ,"Reynolds,Sean（YOKOHAMA DeNA BAYSTARS）",669308,投手,166.0,0.1259036161932125,0.13938763339274388,0.1334241221759735,0.1377671914888009,-0.2658217484755371,-0.3703029250719433,-0.2927765845351624,-0.3742918885186913,0.017493112631487128,0.016233539816330786,0.01756398159683753,0.015897231277889213,0.5869790456302286,0.6247619743526752
g,03005157,ルシアーノ,"Luciano,Elvis（Yomiuri Giants）",672773,投手,158.0,0.1259036161932125,0.1004211668119659,0.11352600282638432,0.10462668894025988,-0.2658217484755371,-0.20793410138563231,-0.2319973341722928,-0.2185261320606534,0.017493112631487128,0.016364655162334735,0.017527106435721668,0.015888966541927882,0.7931432198025434,0.7308696921315281
h,23025152,ラトリッジ,"Rutledge,Jackson（Fukuoka SoftBank Hawks）",671131,投手,452.0,0.1259036161932125,0.13046081303372994,0.1229838173720949,0.1265104381499142,-0.2658217484755371,-0.19000511106531362,-0.26916039530513663,-0.17159195574376349,0.017493112631487128,0.0186368739558462,0.01722239686322667,0.01772227362170196,0.6408048890683558,0.6827639251984178
